ID,Material Name,Category,Density (g/cm3),Yield Strength (MPa),Tensile Strength (MPa),Hardness,Young's Modulus (GPa),Fatigue Strength (MPa),Elongation (%),Thermal Cond. (W/mÂ·K),Electrical Cond. (MS/m),Specific Heat (J/kgÂ·K),Melting Point (Â°C),Max Service Temp (Â°C),Corrosion Resistance,Wear Resistance,Impact Toughness,Weldability,Machinability,Formability,Cost,Weight,Recyclability,Magnetic,Common Applications,Manufacturing Methods,Advantages,Limitations,Keywords,Material Family,Source Reference,Confidence Level,CO2 Footprint (kg CO2/kg),Datasheet URL,Best: Lightweight,Best: High Temp,Best: Low Cost,Best: Corrosion Resist.,Best: 3D Printing
1,Aluminium Alloy 1100,Aluminium Alloy,2.71,35,90,23 HB,68,35,35,222,34.7,904,660,200,Excellent,Low,High,Excellent,Good,Excellent,Low,Light,High,No,Foil;chemical equipment;spun hollowware,Rolling;Extrusion;Deep drawing,Very high corrosion resistance;excellent formability,"Low strength, not heat-treatable",1100,Aluminium Alloy,To be verified,Typical,N/A,N/A,Yes,No,Yes,Yes,No
2,Aluminium Alloy 2024,Aluminium Alloy,2.78,325,470,120 HB,73,140,20,121,18,875,502,150,Fair (needs cladding),Medium,High,Poor,Fair,Fair,Medium,Light,High,No,Aircraft structures;fasteners,Extrusion;Forging;CNC,High strength-to-weight;good fatigue life,Poor weldability;lower corrosion resistance than 6xxx,2024,Aluminium Alloy,To be verified,Typical,N/A,N/A,Yes,No,No,No,No
3,Aluminium Alloy 3003,Aluminium Alloy,2.73,145,150,40 HB,69,60,10,155,23,893,647,150,Excellent,Low,High,Good,Good,Excellent,Low,Light,High,No,Cookware;chemical tanks;heat exchangers,Rolling;Deep drawing,Good corrosion resistance and formability,Moderate strength only,3003,Aluminium Alloy,To be verified,Typical,N/A,N/A,Yes,No,Yes,Yes,No
4,Aluminium Alloy 5052,Aluminium Alloy,2.68,193,228,60 HB,70,110,12,138,21,880,620,150,Excellent (incl. marine),Medium,High,Good,Fair,Excellent,Medium,Light,High,No,Marine components;fuel tanks;sheet metal parts,Rolling;Forming;Welding,Excellent marine corrosion resistance;good weldability,"Not heat-treatable, moderate strength",5052,Aluminium Alloy,To be verified,Typical,N/A,N/A,Yes,No,No,Yes,No
5,Aluminium Alloy 5083,Aluminium Alloy,2.66,228,317,82 HB,70.3,145,16,117,14,900,590,150,Excellent (marine),Medium,High,Good,Fair,Good,Medium,Light,High,No,Shipbuilding;pressure vessels;cryogenic tanks,Rolling;Welding,High strength for a non-heat-treatable alloy;excellent marine corrosion resistance,Lower machinability,5083,Aluminium Alloy,To be verified,Typical,N/A,N/A,Yes,No,No,Yes,No
6,Aluminium Alloy 6061,Aluminium Alloy,2.7,276,310,95 HB,68.9,96,15,167,25,896,600,150,Very Good,Medium,High,Good,Good,Good,Medium,Light,High,No,Structural frames;automotive/aerospace parts;bike frames,Extrusion;Forging;CNC;Welding,"Good balance of strength, weldability, corrosion resistance",Lower strength than 7xxx/2xxx,6061,Aluminium Alloy,MatWeb - verified,Verified (spot-checked),N/A,N/A,Yes,No,No,No,No
7,Aluminium Alloy 6063,Aluminium Alloy,2.7,214,241,73 HB,68.9,69,12,209,30,900,635,150,Excellent,Low,High,Good,Good,Excellent,Low,Light,High,No,Architectural extrusions;window/door frames,Extrusion,Excellent extrudability and surface finish;good corrosion resistance,Lower strength than 6061,6063,Aluminium Alloy,To be verified,Typical,N/A,N/A,Yes,No,Yes,Yes,No
8,Aluminium Alloy 6082,Aluminium Alloy,2.7,255,310,95 HB,70,100,10,170,24,900,600,150,Very Good,Medium,High,Good,Good,Good,Medium,Light,High,No,Structural components;trusses;bridges,Extrusion;Forging,Highest-strength common 6xxx alloy;good weldability,Lower corrosion resistance than 5xxx,6082,Aluminium Alloy,To be verified,Typical,N/A,N/A,Yes,No,No,No,No
9,Aluminium Alloy 7050,Aluminium Alloy,2.83,469,525,147 HB,71.7,160,13,157,20,860,635,120,Fair,Medium,Medium,Poor,Fair,Fair,High,Light,High,No,Aerospace structural/thick-section parts,Forging;Machining,"High strength, good stress-corrosion resistance vs 7075",Poor weldability;costly,7050,Aluminium Alloy,To be verified,Typical,N/A,N/A,Yes,No,No,No,No
10,Aluminium Alloy 7075,Aluminium Alloy,2.81,503,572,150 HB,71.7,159,11,130,19,960,635,120,Fair,Medium,Medium,Poor,Fair,Fair,High,Light,High,No,Aerospace fittings;high-stress structural parts,Forging;Extrusion;CNC,Very high strength-to-weight ratio,Poor weldability and corrosion resistance vs other Al alloys,7075,Aluminium Alloy,To be verified,Typical,N/A,N/A,Yes,No,No,No,No
11,Carbon Steel 1018,Carbon/Alloy Steel,7.87,370,440,126 HB,200,220,15,51.9,6.99,486,1470,400,Poor (needs coating),Medium,High,Excellent,Excellent,Good,Low,Heavy,High,Yes,Shafts;pins;low-stress machine parts,Machining;Forging;Welding,Easy to machine and weld;low cost,Poor corrosion resistance;low hardenability,1018,Carbon/Alloy Steel,To be verified,Typical,N/A,N/A,No,Yes,Yes,No,No
12,Carbon Steel 1020,Carbon/Alloy Steel,7.87,295,395,111 HB,200,180,25,51.9,6.99,486,1440,400,Poor (needs coating),Medium,High,Excellent,Good,Good,Low,Heavy,High,Yes,Structural shapes;case-hardened parts,Forging;Carburizing;Welding,Good weldability;carburizes well,Low strength as-rolled,1020,Carbon/Alloy Steel,To be verified,Typical,N/A,N/A,No,Yes,Yes,No,No
13,Carbon Steel 1045,Carbon/Alloy Steel,7.85,375,625,170 HB,200,300,16,49.8,6.5,486,1480,400,Poor (needs coating),Medium,Medium,Fair,Good,Fair,Low,Heavy,High,Yes,Shafts;gears;bolts,Forging;Machining;Induction hardening,Good strength/wear balance after Q&T,Poor weldability in hardened state,1045,Carbon/Alloy Steel,To be verified,Typical,N/A,N/A,No,Yes,Yes,No,No
14,Carbon Steel EN8,Carbon/Alloy Steel,7.85,355,700,217 HB,210,340,16,47.6,6.4,460,1440,400,Poor (needs coating),Medium,Medium,Fair,Good,Fair,Low,Heavy,High,Yes,General shafts;gears;bolts (UK equivalent of 1045),Forging;Machining;Q&T,"Widely available, moderate strength, machinable",Not for high-temp or corrosive service,en8,Carbon/Alloy Steel,To be verified,Typical,N/A,N/A,No,Yes,Yes,No,No
15,Carbon Steel EN19,Carbon/Alloy Steel,7.85,680,900,280 HB,210,460,13,42.6,5.3,460,1425,450,Poor (needs coating),Medium-High,Medium,Fair,Fair,Poor,Medium,Heavy,High,Yes,"Crankshafts;gears;high-stress shafts (Cr-Mo, UK equiv. of 4140)",Forging;Q&T;Machining,Good toughness and fatigue strength after heat treatment,Requires heat treatment for full properties,en19,Carbon/Alloy Steel,To be verified,Typical,N/A,N/A,No,Yes,No,No,No
16,Carbon Steel EN24,Carbon/Alloy Steel,7.85,930,1080,300 HB,210,540,12,44.5,5.2,475,1425,450,Poor (needs coating),High,Medium,Fair,Fair,Poor,Medium,Heavy,High,Yes,"Highly stressed gears/shafts/aircraft parts (Ni-Cr-Mo, UK equiv. of 4340)",Forging;Q&T;Machining,High strength and toughness combination,Higher cost;needs careful heat treatment,en24,Carbon/Alloy Steel,To be verified,Typical,N/A,N/A,No,Yes,No,No,No
17,Carbon Steel 4140,Carbon/Alloy Steel,7.85,655,1020,302 HB,205,510,15,42.6,5.8,477,1416,450,Poor (needs coating),High,Medium,Fair,Fair,Poor,Medium,Heavy,High,Yes,Axles;gears;tooling;oilfield components,Forging;Q&T;Machining,"Excellent strength/toughness combination, good hardenability",Poor as-supplied corrosion resistance,4140,Carbon/Alloy Steel,MatWeb / Elgin Fact Sheet - verified,Verified (spot-checked),N/A,N/A,No,Yes,No,No,No
18,Carbon Steel 4340,Carbon/Alloy Steel,7.85,862,1150,310 HB,200,590,12,44.5,5.5,475,1425,450,Poor (needs coating),High,High,Fair,Fair,Poor,Medium,Heavy,High,Yes,Aircraft landing gear;crankshafts;high-performance shafts,Forging;Q&T;Machining,"Excellent strength, toughness and fatigue resistance",Higher cost;needs careful heat treatment,4340,Carbon/Alloy Steel,To be verified,Typical,N/A,N/A,No,Yes,No,No,No
19,Carbon Steel 8620,Carbon/Alloy Steel,7.85,385,530,200 HB (core),205,250,20,46.7,6,460,1420,400,Poor (needs coating),High (case),High,Good,Good,Fair,Medium,Heavy,High,Yes,Case-hardened gears;bearings;camshafts,Carburizing;Forging;Machining,"Tough core with hard, wear-resistant case",Low core strength without carburizing,8620,Carbon/Alloy Steel,To be verified,Typical,N/A,N/A,No,Yes,No,No,No
20,Tool Steel D2,Carbon/Alloy Steel,7.7,1500,1900,60 HRC,210,700,2,20,2.3,460,1421,425,"Fair (high-Cr, semi-stainless)",Very High,Low,Poor,Poor,Poor,High,Heavy,High,Yes,Cutting tools;dies;punches;shear blades,Forging;Machining;Hardening;Grinding,Very high wear resistance and hardness,Low toughness;difficult to machine/weld,d2,Carbon/Alloy Steel,To be verified,Typical,N/A,N/A,No,Yes,No,No,No
21,Stainless Steel 304,Stainless Steel,8,215,505,150 HB,193,250,55,16.2,1.45,500,1400,870,Excellent,Low,High,Excellent,Fair,Excellent,Medium,Heavy,High,No,Kitchen equipment;piping;architectural trim,Forming;Welding;CNC,Excellent corrosion resistance;good formability/weldability,Susceptible to chloride pitting/SCC,304,Stainless Steel,To be verified,Typical,N/A,N/A,No,Yes,No,Yes,No
22,Stainless Steel 304L,Stainless Steel,8,170,485,149 HB,193,240,40,16.2,1.45,500,1400,870,Excellent,Low,High,Excellent,Fair,Excellent,Medium,Heavy,High,No,Welded pressure vessels;food/pharma equipment,Welding;Forming,Low carbon avoids weld-decay sensitization,Slightly lower strength than 304,304l,Stainless Steel,To be verified,Typical,N/A,N/A,No,Yes,No,Yes,No
23,Stainless Steel 316,Stainless Steel,8,205,515,150 HB,193,256,50,16.3,1.35,500,1375,870,Excellent (incl. chlorides),Low,High,Excellent,Fair,Excellent,Medium-High,Heavy,High,No,Marine hardware;chemical/pharma equipment,Forming;Welding;CNC,Superior pitting/crevice corrosion resistance (Mo-alloyed),Higher cost than 304,316,Stainless Steel,To be verified,Typical,N/A,N/A,No,Yes,No,Yes,No
24,Stainless Steel 316L,Stainless Steel,8,170,485,149 HB,193,246,40,16.3,1.35,500,1375,870,Excellent (incl. chlorides),Low,High,Excellent,Fair,Excellent,Medium-High,Heavy,High,No,Surgical implants;welded chemical equipment,Welding;Forming,Low carbon prevents sensitization; excellent for welded/medical use,Higher cost;lower strength than 316,316l,Stainless Steel,To be verified,Typical,N/A,N/A,No,Yes,No,Yes,No
25,Stainless Steel 410,Stainless Steel,7.7,275,485,200 HB (ann.),200,240,25,24.9,2.8,460,1480,650,Fair,Medium-High,Medium,Fair,Fair,Fair,Low,Heavy,High,Yes,Cutlery;pump/valve parts;fasteners,Forging;Q&T;Machining,"Hardenable, moderate corrosion resistance, low cost",Lower corrosion resistance than austenitic grades,410,Stainless Steel,To be verified,Typical,N/A,N/A,No,Yes,Yes,No,No
26,Stainless Steel 420,Stainless Steel,7.75,345,655,235 HB (ann.),200,300,15,24.9,2.7,460,1450,650,Fair,High (hardened),Low-Medium,Fair,Fair,Fair,Low,Heavy,High,Yes,Surgical/kitchen knives;molds;valve trim,Forging;Hardening;Grinding,High hardness and edge retention after heat treatment,Lower corrosion resistance than austenitic grades,420,Stainless Steel,To be verified,Typical,N/A,N/A,No,Yes,Yes,No,No
27,Stainless Steel 430,Stainless Steel,7.7,310,450,183 HB,200,220,22,26.1,2.5,460,1425,815,Good,Low-Medium,Medium,Fair,Good,Good,Low,Heavy,High,Yes,Automotive trim;appliance panels;exhaust systems,Forming;Welding,Good corrosion resistance at low cost;magnetic (ferritic),Not hardenable by heat treatment;lower toughness,430,Stainless Steel,To be verified,Typical,N/A,N/A,No,Yes,Yes,No,No
28,Stainless Steel 17-4PH,Stainless Steel,7.75,1170,1310,388 HB (H900),196,600,12,18.3,1.6,460,1400,315,Very Good,High,Medium,Fair,Fair,Fair,High,Heavy,High,Yes,Aerospace fittings;pump shafts;high-strength precision parts,Precipitation hardening;Machining,High strength combined with good corrosion resistance,Limited to lower service temperatures,17-4ph,Stainless Steel,To be verified,Typical,N/A,N/A,No,No,No,No,No
29,Stainless Steel 2205,Stainless Steel,7.8,450,655,250 HB,200,350,25,19,1.35,480,1370,300,Excellent (incl. chlorides/SCC),Medium,High,Good,Fair,Fair,High,Heavy,High,Yes,Offshore/chemical piping;desalination equipment,Forging;Welding,High strength and excellent SCC resistance (duplex),Requires careful welding procedures,2205,Stainless Steel,To be verified,Typical,N/A,N/A,No,No,No,Yes,No
30,Stainless Steel 2507,Stainless Steel,7.8,550,795,310 HB,200,400,25,17,1.2,480,1350,300,Excellent (super duplex),Medium,High,Good,Fair,Fair,High,Heavy,High,Yes,Subsea equipment;desalination;high-chloride service,Forging;Welding,Superior strength and pitting resistance (PREN>40),High cost;careful welding required,2507,Stainless Steel,To be verified,Typical,N/A,N/A,No,No,No,Yes,No
31,Titanium Alloy Grade 2,Titanium Alloy,4.51,275,400,120 HB,103,180,20,16.4,2.34,523,1670,300,Excellent,Medium,High,Good,Fair,Good,High,Light,High,No,Chemical processing;marine hardware;medical implants,Forming;Welding;CNC,"Excellent corrosion resistance, biocompatible, low density",Lower strength than alloyed grades,grade2,Titanium Alloy,To be verified,Typical,N/A,N/A,Yes,No,No,Yes,No
32,Titanium Alloy Grade 5 (Ti-6Al-4V),Titanium Alloy,4.43,880,950,334 HB,113.8,510,14,6.7,0.58,526,1660,400,Excellent,Medium,High,Fair,Poor,Fair,High,Light,High,No,Aerospace structures;implants;airframe components,Forging;Machining;Additive Mfg,Outstanding strength-to-weight ratio;excellent corrosion resistance,Poor machinability;high cost,grade5,Titanium Alloy,MatWeb - verified (exact match),Verified (spot-checked),N/A,N/A,Yes,Yes,No,Yes,Yes
33,Titanium Alloy Grade 9 (Ti-3Al-2.5V),Titanium Alloy,4.48,655,825,270 HB,110,450,18,8.1,0.6,523,1650,315,Excellent,Medium,High,Good,Fair,Good,High,Light,High,No,Hydraulic/pneumatic tubing;bicycle frames,Cold working;Welding,Good weldability and formability for a Ti alloy,Lower strength than Grade 5,grade9,Titanium Alloy,To be verified,Typical,N/A,N/A,Yes,No,No,Yes,No
34,Titanium Alloy Grade 23 (Ti-6Al-4V ELI),Titanium Alloy,4.43,795,860,300 HB,114,500,15,7.1,0.58,526,1660,400,Excellent,Medium,High,Fair,Poor,Fair,High,Light,High,No,Surgical implants;biomedical devices,Forging;Machining,Extra-low interstitials improve fracture toughness for implants,High cost;poor machinability,grade23,Titanium Alloy,To be verified,Typical,N/A,N/A,Yes,Yes,No,Yes,No
35,Titanium Alloy Beta C,Titanium Alloy,4.82,900,1000,350 HB (aged),103,550,8,8.4,0.6,500,1650,315,Excellent,Medium-High,Medium,Fair,Fair,Excellent (solution treated),High,Light,High,No,Springs;fasteners;deep-sea/aerospace components,Solution treat & age;Cold forming,Excellent formability before aging; very high strength after aging,Complex heat treatment;high cost,beta c,Titanium Alloy,To be verified,Typical,N/A,N/A,Yes,No,No,Yes,No
36,Nickel Alloy Inconel 625,Nickel Alloy,8.44,460,830,220 HB,207.5,370,42,9.8,0.8,410,1350,980,Outstanding,Medium,High,Excellent,Fair,Excellent,High,Heavy,High,No,Gas turbine components;marine risers;chemical processing,Casting;Forging;Welding,Outstanding corrosion and high-temperature strength,Very high cost;difficult machining,inconel625,Nickel Alloy,To be verified,Typical,N/A,N/A,No,Yes,No,Yes,No
37,Nickel Alloy Inconel 718,Nickel Alloy,8.19,1100,1275,388 HB (aged),200,620,15,11.4,0.8,435,1300,700,Excellent,High,Medium,Fair,Poor,Fair,High,Heavy,High,No,Jet engine turbine disks/blades;high-temp fasteners,Forging;Precipitation hardening;Machining,Retains high strength at elevated temperature,High cost;poor machinability,inconel718,Nickel Alloy,To be verified,Typical,N/A,N/A,No,Yes,No,Yes,No
38,Nickel Alloy Hastelloy C-276,Nickel Alloy,8.89,355,790,220 HB,205,375,50,9.4,0.77,427,1345,650,Outstanding (incl. reducing/oxidizing acids),Medium,High,Good,Fair,Excellent,High,Heavy,High,No,Flue-gas desulfurization;chemical reactors;pollution control,Welding;Forming,Exceptional resistance to a very wide range of corrosives,Very high cost,hastelloy c276,Nickel Alloy,To be verified,Typical,N/A,N/A,No,Yes,No,Yes,No
39,Nickel Alloy Monel 400,Nickel Alloy,8.8,260,580,130 HB,179,280,45,21.8,1.4,427,1325,480,Outstanding (seawater/HF acid),Medium,High,Good,Fair,Excellent,High,Heavy,High,No,Marine propeller shafts;valves;chemical processing,Forging;Machining;Welding,Excellent resistance to seawater and hydrofluoric acid,High cost;limited high-temp strength,monel400,Nickel Alloy,To be verified,Typical,N/A,N/A,No,Yes,No,Yes,No
40,Nickel Alloy Incoloy 800,Nickel Alloy,7.94,255,590,175 HB,196,275,38,11.5,0.98,460,1370,815,Very Good (high-temp oxidation),Medium,High,Good,Fair,Good,High,Heavy,High,No,Heat-treatment fixtures;furnace components;heat exchangers,Forging;Welding,Good oxidation/carburization resistance at high temperature,Lower strength than superalloys like 718,incoloy800,Nickel Alloy,To be verified,Typical,N/A,N/A,No,Yes,No,No,No
41,Copper Alloy - Copper (C11000),Copper Alloy,8.94,69,220,40 HB,117,97,45,391,58,385,1085,200,Good,Low,High,Excellent,Fair,Excellent,Medium,Heavy,High,No,Electrical wiring;bus bars;heat exchangers,Drawing;Rolling;Soldering,Best electrical/thermal conductivity of common engineering metals,Low strength;expensive vs steel/aluminium,copper,Copper Alloy,To be verified,Typical,N/A,N/A,No,No,No,No,No
42,Copper Alloy - Brass C360,Copper Alloy,8.5,310,380,78-135 HB,97,140,25,115,15.9,380,895,150,Good,Medium,Medium,Fair,Excellent,Fair,Low,Heavy,High,No,Fittings;fasteners;precision-machined components,Machining;Casting,Excellent machinability (free-cutting brass),Contains lead;lower corrosion resistance than bronze,brass c360,Copper Alloy,To be verified,Typical,N/A,N/A,No,No,Yes,No,No
43,Copper Alloy - Phosphor Bronze (C51000),Copper Alloy,8.86,420,500,180 HB (hard),110,200,8,68,10.5,380,1000,150,Very Good,High,Medium,Fair,Fair,Good,Medium,Heavy,High,No,Springs;bearings;bushings;electrical connectors,Rolling;Drawing;Forming,"Good wear resistance, fatigue strength and spring properties",Lower conductivity than pure copper,phosphor bronze,Copper Alloy,To be verified,Typical,N/A,N/A,No,No,No,No,No
44,Copper Alloy - Beryllium Copper (C17200),Copper Alloy,8.25,1100,1250,380 HB (peak aged),131,260,4,120,14,420,930,200,Good,High,Low,Fair,Fair,Poor (in aged condition),High,Heavy,High,No,Springs;electrical connectors;non-sparking tools,Age hardening;Machining,"Highest strength of common copper alloys, good conductivity",Beryllium dust is toxic;high cost,beryllium copper,Copper Alloy,To be verified,Typical,N/A,N/A,No,No,No,No,No
45,Copper Alloy - CuNi 90/10,Copper Alloy,8.9,105,310,80 HB,140,150,35,45,4.9,377,1120,300,Excellent (seawater),Medium,High,Good,Fair,Good,Medium,Heavy,High,No,Marine piping;seawater cooling systems;desalination,Welding;Forming,Excellent seawater corrosion and biofouling resistance,Lower strength than steel; higher cost,cuni90/10,Copper Alloy,To be verified,Typical,N/A,N/A,No,No,No,Yes,No
46,Polymer - ABS,Polymer,1.05,40,40,105 R-scale,2.3,18,25,0.2,0,1400,,85,"Good (chemical, not solvent)",Low,Medium,N/A (not welded like metal),Excellent,Good,Low,Very Light,Low-Medium,No,Enclosures;automotive trim;consumer products;3D printing,Injection molding;Extrusion;3D printing,"Tough, easy to mold, good impact resistance",Low temperature resistance; UV-sensitive,abs,Polymer,To be verified,Typical,N/A,N/A,Yes,No,Yes,No,Yes
47,Polymer - Nylon 6 (PA6),Polymer,1.14,80,85,85 R-scale (Rockwell M ~78),2.9,30,150,0.25,0,1700,220,110,Good,High,Medium,,Good,Good,Low-Medium,Very Light,Low-Medium,No,Gears;bushings;bearings;cable ties,Injection molding;Extrusion,Good wear resistance and toughness;self-lubricating,"Absorbs moisture, dimensions can shift",nylon6,Polymer,To be verified,Typical,N/A,N/A,Yes,No,No,No,No
48,Polymer - Polycarbonate (PC),Polymer,1.2,65,70,70 R-scale (Rockwell M),2.35,25,100,0.2,0,1250,,125,Good,Medium,High (very high impact),,Fair,Good,Medium,Very Light,Low-Medium,No,Safety glasses/visors;machine guards;optical lenses,Injection molding;Extrusion;Thermoforming,"Excellent impact/ fracture toughness, optical clarity",Scratches easily;attacked by some solvents,pc,Polymer,To be verified,Typical,N/A,N/A,Yes,No,No,No,No
49,Polymer - PEEK,Polymer,1.32,95,100,85-90 R-scale (Rockwell M),3.8,45,40,0.25,0,1340,343,260,Excellent (chemicals & steam),High,Medium,,Fair,Fair,High,Very Light,Medium,No,Aerospace/medical implants;high-temp bearings;semiconductor parts,Injection molding;Machining,"Retains strength at high temperature, excellent chemical resistance",Very high material cost,peek,Polymer,To be verified,Typical,N/A,N/A,Yes,No,No,Yes,No
50,Polymer - PTFE,Polymer,2.2,10,25,50-65 Shore D,0.5,8,300,0.25,0,1000,327,260,Outstanding (nearly universal),"Low (self-lubricating, low friction)",Medium,,Poor (gummy),Poor (creeps under load),Medium,Light,Low,No,Seals;gaskets;non-stick coatings;chemical linings,Sintering;Machining;Molding,Near-universal chemical resistance;very low friction,Low strength; cold-flows (creeps) under sustained load,ptfe,Polymer,To be verified,Typical,N/A,N/A,Yes,No,No,Yes,No
51,Composite - CFRP (Carbon/Epoxy),Composite,1.55,,600,,70,300,1.2,5,10000,1000,,150,Excellent,High,Medium (brittle in through-thickness),N/A (bonded/fastened),Poor (tool wear),Poor (fixed layup),High,Very Light,Low,No,Aircraft/racecar structures;drone frames;sporting goods,Layup;Autoclave curing;Filament winding,Very high stiffness/strength-to-weight ratio,High cost;brittle failure;difficult to recycle,cfrp,Composite,To be verified,Typical,N/A,N/A,Yes,No,No,Yes,No
52,Composite - GFRP (Glass/Epoxy),Composite,1.85,,450,,25,220,2.5,0.35,0,1000,,120,Excellent,Medium,Medium,N/A (bonded/fastened),Poor,Poor (fixed layup),Medium,Light,Low,No,Boat hulls;wind turbine blades;tanks/pipes,Layup;Pultrusion;Filament winding,Good strength at lower cost than carbon fiber; electrically insulating,Lower stiffness than CFRP; heavier,gfrp,Composite,To be verified,Typical,N/A,N/A,Yes,No,No,Yes,No
53,Composite - Kevlar (Aramid/Epoxy),Composite,1.38,,700,,28,250,3,0.04,0,1420,,175,Excellent,Medium-High,Very High,N/A (bonded/fastened),Poor,Poor (fixed layup),High,Very Light,Low,No,Body armor;ballistic panels;rope/cable reinforcement,Layup;Weaving;Molding,Outstanding impact and ballistic energy absorption,Absorbs moisture; degrades in UV; hard to cut/machine,kevlar,Composite,To be verified,Typical,N/A,N/A,Yes,No,No,Yes,No
54,Composite - Basalt FRP,Composite,2,,500,,30,230,2.5,0.035,0,1000,,150,Excellent,Medium,Medium,N/A (bonded/fastened),Poor,Poor (fixed layup),Medium,Light,Medium,No,Rebar reinforcement;pipes;marine structures,Pultrusion;Layup,"Good strength, better heat/alkali resistance than glass fiber at similar cost","Newer material, fewer long-term field data",basalt frp,Composite,To be verified,Typical,N/A,N/A,Yes,No,No,Yes,No
55,Composite - Carbon-Carbon (C/C),Composite,1.75,,150,,40,80,0.5,80,20000,1000,,2500,Excellent (inert atm.); oxidizes in air >450C,High,Low (brittle),,Poor (specialized tooling),Poor (fixed shape),Very High,Light,Low,No,Rocket nozzles;brake discs (aircraft/F1);re-entry heat shields,CVD/CVI densification;Machining,Retains strength to extreme temperatures in inert atmosphere; low density,Oxidizes rapidly in air above ~450C; very high cost,carbon-carbon,Composite,To be verified,Typical,N/A,N/A,Yes,Yes,No,Yes,No
56,Magnesium Alloy AZ31B,Magnesium Alloy,1.77,200,260,49 HB,45,90,15,76.9,10.9,1025,630,150,Fair (needs coating in humid/salt environments),Low,Medium,Good,Excellent,Good,Medium,Very Light,High,No,Aerospace brackets;electronic housings;automotive wheels;ladders,Extrusion;Rolling;Forging;Machining,Lowest density of common structural metals;excellent machinability;good vibration damping,Poor corrosion resistance uncoated;flammable as fine chips/powder,"AZ31B, magnesium, wrought, lightweight",Magnesium Alloy,MatWeb / AMS 4375-4377 spec sheet - verified,Verified (spot-checked),N/A,N/A,Yes,No,No,No,No
57,Magnesium Alloy AZ91D,Magnesium Alloy,1.81,160,230,63 HB,45,70,3,72,6.7,1020,596,120,Fair,Low,Low,Fair,Excellent,Poor (cast only),Low,Very Light,High,No,Automotive housings;power tool bodies;electronics enclosures;laptop cases,Die Casting,Excellent castability;lowest-cost magnesium alloy;good EMI/RFI shielding,Low ductility;poor corrosion resistance uncoated,"AZ91D, magnesium, die cast",Magnesium Alloy,MatWeb / industry datasheets - verified,Verified (spot-checked),N/A,N/A,Yes,No,Yes,No,No
58,Cast Iron - Gray Iron (ASTM A48 Class 30),Cast Iron,7.15,,207,187-241 HB,100,97,0.5,52,1.4,490,1200,400,"Fair (rusts, but better vibration/graphite behavior than steel)",High (self-lubricating graphite),Low (brittle),Poor,Excellent,Poor (cast only),Low,Heavy,High,Yes,Engine blocks;machine tool beds;brake rotors/drums;pipe fittings,Sand Casting;Die Casting,Excellent vibration damping;excellent machinability;low cost,"Brittle, low tensile/impact strength;poor weldability","gray iron, cast iron, class 30, a48",Cast Iron,ASTM A48 spec / MatWeb - verified,Verified (spot-checked),N/A,N/A,No,No,Yes,No,No
59,Cast Iron - Ductile Iron (65-45-12),Cast Iron,7.1,310,448,170-207 HB,168,200,12,36,1.4,460,1150,400,Fair,Medium-High,Medium,Fair,Good,Poor (cast only),Low-Medium,Heavy,High,Yes,Crankshafts;gears;pipe fittings;heavy machinery housings,Sand Casting;Centrifugal Casting,Good balance of strength and ductility for cast iron;good wear resistance,Lower strength than steel;casting porosity risk,"ductile iron, nodular iron, 65-45-12",Cast Iron,To be verified,Typical,N/A,N/A,No,No,Yes,No,No
60,Cast Iron - Malleable Iron (ASTM A220 M3210),Cast Iron,7.3,230,340,156-197 HB,175,150,10,44,1.6,480,1230,350,Fair,Medium,Medium-High (better than gray iron),Fair,Good,Poor (cast only),Medium,Heavy,High,Yes,Pipe fittings;automotive suspension parts;hand tool bodies,Casting + Annealing heat treatment,Better ductility/toughness than gray iron;good machinability,Requires long annealing cycle;section-size limited,"malleable iron, a220, m3210",Cast Iron,To be verified,Typical,N/A,N/A,No,No,No,No,No
61,Zinc Alloy Zamak 3,Zinc Alloy,6.6,210,283,82 HB,96,56,10,113,15.7,419,387,100,"Good (with plating), Fair bare",Medium,High (good impact strength),Poor,Excellent,"Excellent (die casting, fine detail)",Low,Heavy,High,No,Door handles;toy parts;automotive trim;electrical connectors,Die Casting,Excellent castability for fine detail/thin walls;low melting point saves energy;good impact strength,Low max service temperature;dimensional creep over years (aging),"zamak 3, zinc alloy, die cast",Zinc Alloy,Nathan Trotter TDS / NADCA - verified,Verified (spot-checked),N/A,N/A,No,No,Yes,No,No
62,Zinc Alloy Zamak 5,Zinc Alloy,6.7,230,328,91 HB,96,62,7,109,15.6,419,386,100,Fair,Medium-High,Medium,Poor,Excellent,Excellent (die casting),Low,Heavy,High,No,Gears;automotive brackets;hardware fittings,Die Casting,Higher strength/hardness than Zamak 3;excellent castability,Lower ductility than Zamak 3;low max service temperature,"zamak 5, zinc alloy",Zinc Alloy,To be verified,Typical,N/A,N/A,No,No,Yes,No,No
63,Ceramic - Alumina (96% Al2O3),Technical Ceramic,3.7,,210,1500 HV,300,,0,20,0,880,2050,1600,Excellent (chemically inert),Very High,Very Low (brittle),N/A (not welded),Poor (diamond grinding required),"Poor (fixed shape, pressed/sintered)",Medium,Medium,Low,No,Insulators;wear-resistant liners;seal rings;electronic substrates,Dry Pressing;Sintering;Diamond Grinding,Excellent hardness/wear resistance;electrical insulator;stable at very high temperature,"Very brittle, low fracture toughness;costly to machine","alumina, al2o3, ceramic",Technical Ceramic,Accuratus 96% Alumina datasheet - verified,Verified (spot-checked),N/A,N/A,No,Yes,No,Yes,No
64,Ceramic - Zirconia (Y-TZP),Technical Ceramic,6.05,,350,1250 HV,205,,0,2.5,0,450,2700,1000,Excellent,Very High,Low-Medium (highest toughness among technical ceramics),N/A (not welded),Poor (diamond grinding required),Poor (pressed/sintered),High,Medium,Low,No,Dental/medical implants;cutting tools;oxygen sensors;pump seals,Isostatic Pressing;Sintering;Diamond Grinding,Highest fracture toughness of technical ceramics;biocompatible;wear resistant,High cost;low-temperature degradation risk in humid environments,"zirconia, y-tzp, ceramic",Technical Ceramic,To be verified,Typical,N/A,N/A,No,Yes,No,Yes,No
65,Ceramic - Silicon Carbide (Sintered SiC),Technical Ceramic,3.1,,300,2500 HV,410,,0,120,0,670,2730,1600,Excellent,Very High (among hardest engineering ceramics),Very Low (brittle),N/A (not welded),Poor (diamond grinding required),Poor (pressed/sintered),High,Medium,Low,No,Mechanical seals;bearings;kiln furniture;semiconductor wafer handling,Pressureless Sintering;Hot Pressing;Diamond Grinding,Extreme hardness and wear resistance;retains strength to very high temperature;low thermal expansion,Very brittle;expensive to machine,"silicon carbide, sic, ceramic",Technical Ceramic,To be verified,Typical,N/A,N/A,No,Yes,No,Yes,No
66,Polymer - Polypropylene (PP),Polymer,0.905,32,34,90 R-scale (Rockwell R),1.5,14,150,0.22,0,1920,165,100,Excellent (chemical resistance),Low,Medium,N/A (not welded like metal),Fair (gummy),Excellent,Low,Very Light,Medium-High,No,Living hinges;packaging;automotive battery cases;lab equipment,Injection molding;Extrusion;Blow molding,Excellent fatigue/living-hinge performance;low cost;good chemical resistance,Low stiffness;UV degrades without stabilizers,"pp, polypropylene",Polymer,To be verified,Typical,N/A,N/A,Yes,No,Yes,No,No
67,Polymer - PLA,Polymer,1.24,60,60,83 Shore D,3.5,20,6,0.13,0,1800,165,55,Good,Low,Low (brittle vs ABS),N/A (not welded like metal),Good,Fair,Low,Light,"Medium (industrially compostable, biobased)",No,3D printed prototypes;consumer product mockups;biodegradable packaging,FDM/FFF 3D Printing;Injection molding,Easiest polymer to 3D print;low warping;biobased/compostable option,Low heat resistance;brittle;poor outdoor UV/humidity durability,"pla, 3d printing, biodegradable",Polymer,NatureWorks Ingeo-type PLA resin datasheet - verified (bulk/injection values; FDM-printed parts run lower),Verified (spot-checked),N/A,N/A,Yes,No,Yes,No,Yes
68,Polymer - HDPE,Polymer,0.955,26,30,R-scale 60 (Shore D65),1.1,12,500,0.48,0,1900,130,80,Excellent,Medium,High,N/A (not welded like metal),Good,Excellent,Low,Very Light,High (most recycled plastic),No,Piping;chemical tanks;cutting boards;bottles/containers,Blow molding;Injection molding;Extrusion,Excellent chemical resistance and toughness;widely recyclable;low cost,Low stiffness/strength;prone to environmental stress cracking,"hdpe, polyethylene",Polymer,To be verified,Typical,N/A,N/A,Yes,No,Yes,Yes,No
69,Polymer - POM (Acetal / Delrin),Polymer,1.41,65,70,R-scale 120 (Rockwell M94),2.8,35,40,0.31,0,1470,175,100,Good (poor in strong acids),Very High,Medium,N/A (not welded like metal),Excellent,Good,Medium,Light,Low-Medium,No,Precision gears;bushings;conveyor components;snap-fit parts,Injection molding;Machining,Excellent dimensional stability and low friction;outstanding machinability,Poor UV resistance;not suitable for strong acids,"pom, acetal, delrin",Polymer,To be verified,Typical,N/A,N/A,Yes,No,No,No,No
70,Polymer - TPU (Flexible),Polymer,1.21,,40,85 Shore A,0.03,10,450,0.25,0,1800,,80,Good,High (excellent abrasion resistance),Very High (highly elastic/flexible),N/A (not welded like metal),"Poor (flexible, hard to machine)",Excellent,Medium,Light,Low,No,Flexible 3D printed parts;phone cases;gaskets;shoe soles,FDM 3D Printing;Injection molding;Extrusion,Rubber-like flexibility with thermoplastic processability;excellent abrasion resistance,Difficult to print at high speed;poor dimensional stiffness,"tpu, flexible, 3d printing, elastomer",Polymer,To be verified,Typical,N/A,N/A,Yes,No,No,No,Yes
71,Elastomer - Silicone Rubber,Elastomer,1.2,,8,50 Shore A,0.005,,400,0.2,0,1300,,230,Excellent,Low,"N/A (elastomer, absorbs impact)",N/A (not welded),Poor,Excellent (molding),Medium,Light,Low,No,Gaskets and seals;medical tubing;bakeware;electrical insulation,Compression molding;Injection molding;Extrusion,Extreme temperature range performance (-60 to 230C);excellent flexibility retention;biocompatible grades available,Low tear/tensile strength;poor abrasion resistance,"silicone rubber, elastomer, gasket",Elastomer,To be verified,Typical,N/A,N/A,Yes,Yes,No,Yes,No
72,Refractory Metal - Tungsten (Pure W),Refractory Metal,19.3,620,980,"350 HV (wrought, annealed)",411,300,2,173,18.9,134,3422,1500,Poor (oxidizes above ~500C in air); good at room temp,High,"Low (brittle, high DBTT for many product forms)",Poor (requires special techniques),"Poor (very hard, high tool wear)",Poor (requires high-temp working),High,Very Heavy,High,No,Filaments;X-ray targets;radiation shielding;high-temp furnace parts;counterweights,Powder Metallurgy (Press & Sinter);Machining;EDM,Highest melting point of all metals;highest density of common engineering metals;excellent high-temp strength retention,Oxidizes readily in air above ~500C;brittle/difficult to machine and weld;very expensive,"tungsten, refractory metal, high density",Refractory Metal,Plansee / material-properties.org - verified (temper-dependent),Verified (spot-checked; strongly temper/form dependent),N/A,N/A,No,Yes,No,No,No